
/*

Populating the Tables

*/

USE LIBRARY
GO



INSERT INTO BOOK
VALUES (0984782850, 'Cracking the Coding Interview', 'CareerCup'),
(1000000001, 'SQL tuning', 'O''Reilly'),
(1000000002, 'Getting started with SQL', 'O''Reilly'),
(1000000003, 'The Manga guide to databases', 'No Starch Press'),
(1000000004, 'Learning PHP MySQL JavaScript and CSS', 'O''Reilly'),
(1000000005, 'PHP & MySQL for dummies','Wiley Pub Inc.'),
(1000000006, 'Pro PHP and jQuery', 'Apress'),
(1000000007, 'JavaScript cookbook : programming the web', 'O''Reilly'),
(1000000008, 'JavaScript bible', 'Wiley'),
(1000000009, 'Reliable JavaScript', 'Wiley'),
(1000000010, 'Secrets of the JavaScript ninja', 'Manning'),
(1000000011, 'Learn Python in one day and learn it well', 'CreateSpace'),
(1000000012, 'Beginning programming with Python for dummies', 'Wiley'),
(1000000013, 'Programming Python', 'O''Reilly'),
(1000000014, 'Understanding coding with Python', 'PowerKids Press'),
(1000000015, 'Professional Python', 'Wiley'),
(1000000016, 'C# 6.0 in a nutshell : the definitive reference', 'O''Reilly'),
(1000000017, 'Beginning visual C# 2015 programming', 'Wiley'),
(1000000018, 'Essential C# 6.0', 'Addison-Welsley'),
(1000000019, 'Head first C?', 'O''Reilly'),
(1000000020, 'Pro C# 2010 and the .NET 4 platform', 'Apress'),
(1000000021, 'The Lost Tribe', 'Picador USA'),
(1000000022, 'End of Watch', 'Scribner')


INSERT INTO BOOK_AUTHORS
VALUES (0984782850, 'Gayle Laakmann McDowell'),
(1000000001, 'Dan Tow'),
(1000000002, 'Thomas Nield'),
(1000000003, 'Mana Takahashi'),
(1000000004, 'Robin Nixon'),
(1000000005, 'Janet Valade'), 
(1000000006, 'JASON LENGSTORF'),
(1000000007, 'Shelley Powers'),
(1000000008, 'Danny Goodman'),
(1000000009, 'Lawrence D. Spencer'),
(1000000010, 'John Resig'),
(1000000011, 'Jamie Chan'),
(1000000012, 'John Paul Mueller'),
(1000000013, 'Mark Lutz'),
(1000000014, 'Patricia Harris'),
(1000000015, 'Luke Sneeringer'),
(1000000016, 'Joseph Albahari'),
(1000000017, 'Benjamin Perkins'),
(1000000018, 'Mark Michaelis'),
(1000000019, 'Andrew Stellman'),
(1000000020, 'Andrew Troelsen'),
(1000000021, 'Mark Lee'),
(1000000022, 'Stephan King')




INSERT INTO PUBLISHER
VALUES ('CareerCup', '101 SW 1st St', '505-366-3255'),
('O''Reilly', '102 SW 1st St', '505-366-3256'),
('No Starch', '103 SW 1st St', '505-366-3257'), 
('Wiley', '104 SW 1st St', '505-366-3258'), 
('Apress', '105 SW 1st St', '505-366-3259'),
('Manning', '107 SW 1st St', '505-366-3269'),
('CreateSpace', '108 SW 1st St', '505-366-3279'),
('PowerKids', '109 SW 1st St', '505-366-3289'), 
('Addison-Welsley', '115 SW 1st St', '505-366-3359'),
('Picador USA' , '125 SW 1st St', '505-366-3759'),
('Scribner', '135 SW 1st St', '505-367-3259')




INSERT INTO LIBRARY_BRANCH
VALUES (9991, 'Beaverton', '12375 SW Fifth St, Beaverton, OR'),
(9992, 'Sherwood', '22560 SW Pine St, Sherwood, OR'),
(9993, 'Tigard', '13500 SW Hall Blvd, Tigard, OR'),
(9994, 'Tualatin', '18878 SW Martinazzi Ave, Tualatin, OR'),
(9995, 'Central', '2850 NE Brookwood Pkwy, Hillsboro, OR'),
(9996, 'Sharpstown', '12375 SW Fifth St, Portland, OR')



INSERT INTO BOOK_COPIES
VALUES (984782850, 9991, 3),
(1000000001, 9991, 5),
(1000000002, 9991, 2),
(1000000003, 9991, 4),
(1000000004, 9991, 6),
(1000000005, 9991, 5),
(1000000006, 9991, 4),
(1000000007, 9991, 2),
(1000000008, 9991, 2),
(1000000009, 9991, 3),
(1000000010, 9991, 5),
(1000000011, 9991, 6),
(1000000012, 9991, 7),
(1000000013, 9992, 3),
(1000000014, 9992, 2),
(1000000015, 9992, 3),
(1000000016, 9992, 6),
(1000000017, 9992, 5),
(1000000018, 9992, 5),
(1000000019, 9992, 4),
(1000000020, 9992, 2),
(1000000021, 9992, 4),
(1000000022, 9992, 2),
(984782850, 9993, 3),
(1000000001, 9993, 2),
(1000000002, 9993, 2),
(1000000003, 9993, 5),
(1000000004, 9993, 4),
(1000000005, 9993, 3),
(1000000006, 9993, 5),
(1000000007, 9993, 4),
(1000000008, 9993, 3),
(1000000009, 9993, 2),
(1000000010, 9993, 3),
(1000000011, 9994, 4),
(1000000012, 9994, 5),
(1000000013, 9994, 2),
(1000000014, 9994, 4),
(1000000015, 9994, 5),
(1000000016, 9994, 3),
(1000000017, 9994, 2),
(1000000018, 9994, 2),
(1000000019, 9994, 3),
(1000000020, 9994, 4),
(1000000021, 9995, 5),
(1000000022, 9995, 3),
(984782850, 9995, 5),
(1000000001, 9995, 2),
(1000000002, 9995, 4),
(1000000003, 9995, 4),
(1000000004, 9995, 3),
(1000000005, 9995, 4),
(1000000006, 9995, 4),
(1000000007, 9995, 2),
(1000000008, 9995, 4),
(1000000009, 9995, 5),
(1000000010, 9996, 2),
(1000000011, 9996, 2),
(1000000012, 9996, 3),
(1000000013, 9996, 4),
(1000000014, 9996, 4),
(1000000015, 9996, 2),
(1000000016, 9996, 4),
(1000000017, 9996, 2),
(1000000018, 9996, 3),
(1000000019, 9996, 4),
(1000000020, 9996, 2),
(1000000021, 9996, 3),
(1000000022, 9996, 2)


INSERT INTO BORROWER
VALUES (100001, 'Tom Larson', '312 Costa Ave', '503-314-5555'),
(100002, 'Gary Randall', '85 Main Ave', '503-315-5556'),
(100003, 'Susan Pederson', '4515 Tolo Rd', '503-414-5555'),
(100004, 'Kelly Keren', '595 Orchard st', '503-314-5566'),
(100005, 'Larry Kimball',	'1908 S Huson', '503-614-6555'),
(100006, 'Phil Coleman', '655 Rubber Rd', '503-314-5767'),
(100007, 'Sam Titus',	'1608 S Huson', '503-684-6355'),
(100008, 'Tom Smith', '1655 Rubber Rd', '503-344-5867')


INSERT INTO BOOK_LOANS
VALUES (984782850, 9991, 100001, GETDATE(), DATEADD(dd, 10, GETDATE())),
(1000000001, 9991, 100001, GETDATE(), DATEADD(dd, 10, GETDATE())),
(1000000002, 9991, 100001, GETDATE(), DATEADD(dd, 10, GETDATE())),
(1000000003, 9991, 100001, GETDATE(), DATEADD(dd, 10, GETDATE())),
(1000000004, 9991, 100001, GETDATE(), DATEADD(dd, 10, GETDATE())),
(1000000005, 9991, 100001, GETDATE(), DATEADD(dd, 10, GETDATE())),
(1000000006, 9991, 100001, GETDATE(), DATEADD(dd, 10, GETDATE())),
(1000000007, 9991, 100002, GETDATE(), DATEADD(dd, 10, GETDATE())),
(1000000008, 9991, 100002, GETDATE(), DATEADD(dd, 10, GETDATE())),
(1000000009, 9991, 100002, GETDATE(), DATEADD(dd, 10, GETDATE())),
(1000000010, 9991, 100002, GETDATE(), DATEADD(dd, 10, GETDATE())),
(1000000011, 9991, 100002, GETDATE(), DATEADD(dd, 10, GETDATE())),
(1000000012, 9991, 100002, GETDATE(), DATEADD(dd, 10, GETDATE())),
(1000000013, 9992, 100002, GETDATE(), DATEADD(dd, 10, GETDATE())),
(1000000014, 9992, 100002, GETDATE(), DATEADD(dd, 10, GETDATE())),
(1000000015, 9992, 100003, GETDATE(), DATEADD(dd, 10, GETDATE())),
(1000000016, 9992, 100003, GETDATE(), DATEADD(dd, 10, GETDATE())),
(1000000017, 9992, 100003, GETDATE(), DATEADD(dd, 10, GETDATE())),
(1000000018, 9992, 100003, GETDATE(), DATEADD(dd, 10, GETDATE())),
(1000000019, 9992, 100003, GETDATE(), DATEADD(dd, 10, GETDATE())),
(1000000020, 9992, 100003, GETDATE(), DATEADD(dd, 10, GETDATE())),
(1000000021, 9992, 100003, GETDATE(), DATEADD(dd, 10, GETDATE())),
(1000000022, 9992, 100004, GETDATE(), DATEADD(dd, 10, GETDATE())),
(984782850, 9993, 100004, GETDATE(), DATEADD(dd, 10, GETDATE())),   
(1000000001, 9993, 100004, GETDATE(), DATEADD(dd, 10, GETDATE())),
(1000000002, 9993, 100004, GETDATE(), DATEADD(dd, 10, GETDATE())),
(1000000003, 9993, 100004, GETDATE(), DATEADD(dd, 10, GETDATE())),
(1000000004, 9993, 100004, GETDATE(), DATEADD(dd, 10, GETDATE())),
(1000000005, 9993, 100004, GETDATE(), DATEADD(dd, 10, GETDATE())),
(1000000006, 9993, 100004, GETDATE(), DATEADD(dd, 10, GETDATE())),
(1000000007, 9993, 100005, GETDATE(), DATEADD(dd, 10, GETDATE())),
(1000000008, 9993, 100005, GETDATE(), DATEADD(dd, 10, GETDATE())),
(1000000009, 9993, 100005, GETDATE(), DATEADD(dd, 10, GETDATE())),
(1000000010, 9993, 100005, GETDATE(), DATEADD(dd, 10, GETDATE())),
(1000000011, 9994, 100005, GETDATE(), DATEADD(dd, 10, GETDATE())),
(1000000012, 9994, 100005, GETDATE(), DATEADD(dd, 10, GETDATE())),
(1000000013, 9994, 100006, GETDATE(), DATEADD(dd, 10, GETDATE())),
(1000000014, 9994, 100006, GETDATE(), DATEADD(dd, 10, GETDATE())),
(1000000015, 9994, 100006, GETDATE(), DATEADD(dd, 10, GETDATE())),
(1000000016, 9994, 100006, GETDATE(), DATEADD(dd, 10, GETDATE())),
(1000000017, 9994, 100006, GETDATE(), DATEADD(dd, 10, GETDATE())),
(1000000018, 9994, 100006, GETDATE(), DATEADD(dd, 10, GETDATE())),
(1000000019, 9994, 100006, GETDATE(), DATEADD(dd, 10, GETDATE())),
(1000000020, 9994, 100006, GETDATE(), DATEADD(dd, 10, GETDATE())),
(1000000021, 9995, 100006, GETDATE(), DATEADD(dd, 10, GETDATE())),
(1000000022, 9995, 100007, GETDATE(), DATEADD(dd, 10, GETDATE())),
(984782850, 9995, 100007, GETDATE(), DATEADD(dd, 10, GETDATE())), 
(1000000001, 9995, 100007, GETDATE(), DATEADD(dd, 10, GETDATE())),
(1000000002, 9995, 100007, GETDATE(), DATEADD(dd, 10, GETDATE())),
(1000000003, 9995, 100007, GETDATE(), DATEADD(dd, 10, GETDATE())),
(1000000004, 9995, 100007, GETDATE(), DATEADD(dd, 10, GETDATE())),
(1000000005, 9995, 100007, GETDATE(), DATEADD(dd, 10, GETDATE())),
(1000000006, 9995, 100007, GETDATE(), DATEADD(dd, 10, GETDATE())),
(1000000007, 9995, 100007, GETDATE(), DATEADD(dd, 10, GETDATE())),
(1000000008, 9995, 100007, GETDATE(), DATEADD(dd, 10, GETDATE())),
(1000000009, 9995, 100007, GETDATE(), DATEADD(dd, 10, GETDATE())),
(1000000010, 9996, 100007, GETDATE(), GETDATE())






